{"training_loss": 33.41556642437354, "validation_loss": 56.14252442121506, "Val Acc": 0.6925287356321839}